{
  "meta": {
    "trained_at": "2026-04-06T16:43:23.023786+00:00",
    "n_samples": 239085,
    "auc_roc": 0.8407,
    "pass_rate": 0.6525
  },
  "intercept": 0.0326,
  "brand": {
    "ALFA ROMEO": -0.309,
    "AUDI": 0.686,
    "BMW": 0.5117,
    "BMW I": -0.0856,
    "BURSTNER": 0.0615,
    "CHEVROLET": 0.133,
    "CITROEN": -0.2659,
    "DANGEL": -0.5021,
    "EKERI": -0.2967,
    "FIAT": -0.4549,
    "FORD": 0.1983,
    "HFR": -0.9221,
    "HONDA": 0.4513,
    "HYMER": 0.123,
    "HYUNDAI": 0.2692,
    "ISTRAIL": -0.3748,
    "ISUZU": -0.1988,
    "IVECO": -0.8233,
    "JAGUAR": 0.6049,
    "JEEP": 0.3037,
    "KIA": 0.2021,
    "KRONE": -0.1581,
    "LAND ROVER": 0.43,
    "LEXUS": 0.8696,
    "MAN": -0.9525,
    "MAUR BILPÅBYGG": -0.049,
    "MAZDA": 0.3932,
    "MERCEDES-BENZ": 0.2032,
    "MG": -0.5679,
    "MINI": 0.4374,
    "MITSUBISHI": 0.2559,
    "NISSAN": -0.2729,
    "NOR SLEP": -0.5307,
    "OPEL": 0.1147,
    "OTHER": -0.5633,
    "PEUGEOT": -0.075,
    "POLESTAR": 0.4818,
    "PORSCHE": 0.748,
    "RENAULT": -0.5914,
    "SAAB": 0.3093,
    "SCANIA": -0.6592,
    "SCHMITZ CARGOBULL": 0.0731,
    "SKODA": 0.4422,
    "SSANGYONG": -0.5322,
    "SUBARU": 0.3829,
    "SUZUKI": 0.4162,
    "TESLA": -0.6009,
    "TESLA MOTORS": -0.4608,
    "TOYOTA": 0.4603,
    "VOLKSWAGEN": 0.371,
    "VOLVO": 0.5789
  },
  "fuel": {
    "Bensin": 0.5479,
    "Diesel": 0.2791,
    "EV": 0.6557,
    "Other": -1.2174
  },
  "ctrl_type": {
    "E": 1.9141,
    "P": -1.6487
  },
  "fylke": {
    "Agder": -0.4025,
    "Akershus": -0.0424,
    "Buskerud": -0.2942,
    "Finnmark": 0.543,
    "Innlandet": 0.3615,
    "Møre og Romsdal": 0.0804,
    "Nordland": 0.1812,
    "Oslo": -0.1317,
    "Rogaland": -0.2048,
    "Telemark": -0.0153,
    "Troms": 0.3483,
    "Trøndelag": 0.175,
    "Vestfold": -0.0273,
    "Vestland": -0.2595,
    "Østfold": -0.0466
  },
  "weight": {
    "Lette": 0.2653
  },
  "numeric": {
    "km_scaled": -0.436981,
    "age_scaled": -0.515871
  },
  "scaler": {
    "km_mean": 174496.1,
    "km_std": 93516.92,
    "age_mean": 12.72,
    "age_std": 5.92
  }
}