{
  "meta": {
    "trained_at": "2026-04-06T16:24:25.424607+00:00",
    "n_samples": 239085,
    "auc_roc": 0.8407,
    "pass_rate": 0.6525
  },
  "intercept": 0.0406,
  "brand": {
    "ALFA ROMEO": -0.3091,
    "AUDI": 0.6859,
    "BMW": 0.5116,
    "BMW I": -0.0857,
    "BURSTNER": 0.0615,
    "CHEVROLET": 0.1329,
    "CITROEN": -0.266,
    "DANGEL": -0.5021,
    "EKERI": -0.2969,
    "FIAT": -0.455,
    "FORD": 0.1981,
    "HFR": -0.9221,
    "HONDA": 0.4511,
    "HYMER": 0.1229,
    "HYUNDAI": 0.2691,
    "ISTRAIL": -0.3749,
    "ISUZU": -0.1989,
    "IVECO": -0.8233,
    "JAGUAR": 0.6048,
    "JEEP": 0.3037,
    "KIA": 0.2021,
    "KRONE": -0.1583,
    "LAND ROVER": 0.4299,
    "LEXUS": 0.8694,
    "MAN": -0.9526,
    "MAUR BILPÅBYGG": -0.0491,
    "MAZDA": 0.393,
    "MERCEDES-BENZ": 0.2032,
    "MG": -0.568,
    "MINI": 0.4373,
    "MITSUBISHI": 0.2559,
    "NISSAN": -0.273,
    "NOR SLEP": -0.5308,
    "OPEL": 0.1146,
    "OTHER": -0.5633,
    "PEUGEOT": -0.0751,
    "POLESTAR": 0.4816,
    "PORSCHE": 0.7479,
    "RENAULT": -0.5915,
    "SAAB": 0.3092,
    "SCANIA": -0.6592,
    "SCHMITZ CARGOBULL": 0.073,
    "SKODA": 0.4422,
    "SSANGYONG": -0.5322,
    "SUBARU": 0.3828,
    "SUZUKI": 0.4161,
    "TESLA": -0.6009,
    "TESLA MOTORS": -0.4608,
    "TOYOTA": 0.4602,
    "VOLKSWAGEN": 0.3709,
    "VOLVO": 0.5788
  },
  "fuel": {
    "Bensin": 0.5468,
    "Diesel": 0.278,
    "EV": 0.6546,
    "Other": -1.2183
  },
  "ctrl_type": {
    "E": 1.912,
    "P": -1.6509
  },
  "fylke": {
    "Agder": -0.4028,
    "Akershus": -0.0427,
    "Buskerud": -0.2945,
    "Finnmark": 0.5427,
    "Innlandet": 0.3613,
    "Møre og Romsdal": 0.0801,
    "Nordland": 0.181,
    "Oslo": -0.132,
    "Rogaland": -0.205,
    "Telemark": -0.0156,
    "Troms": 0.348,
    "Trøndelag": 0.1747,
    "Vestfold": -0.0276,
    "Vestland": -0.2597,
    "Østfold": -0.0468
  },
  "weight": {
    "Lette": 0.261
  },
  "numeric": {
    "km_scaled": -0.436982,
    "age_scaled": -0.51587
  },
  "scaler": {
    "km_mean": 174496.1,
    "km_std": 93516.92,
    "age_mean": 12.72,
    "age_std": 5.92
  }
}