{
  "meta": {
    "trained_at": "2026-04-06T08:14:10.676035+00:00",
    "n_samples": 239085,
    "auc_roc": 0.8407,
    "pass_rate": 0.6525
  },
  "intercept": 0.0555,
  "brand": {
    "ALFA ROMEO": -0.3093,
    "AUDI": 0.6858,
    "BMW": 0.5114,
    "BMW I": -0.0859,
    "BURSTNER": 0.0613,
    "CHEVROLET": 0.1327,
    "CITROEN": -0.2661,
    "DANGEL": -0.5023,
    "EKERI": -0.2971,
    "FIAT": -0.4551,
    "FORD": 0.198,
    "HFR": -0.9223,
    "HONDA": 0.451,
    "HYMER": 0.1228,
    "HYUNDAI": 0.269,
    "ISTRAIL": -0.3751,
    "ISUZU": -0.1991,
    "IVECO": -0.8235,
    "JAGUAR": 0.6047,
    "JEEP": 0.3035,
    "KIA": 0.2019,
    "KRONE": -0.1583,
    "LAND ROVER": 0.4297,
    "LEXUS": 0.8693,
    "MAN": -0.9528,
    "MAUR BILPÅBYGG": -0.0493,
    "MAZDA": 0.3929,
    "MERCEDES-BENZ": 0.203,
    "MG": -0.5682,
    "MINI": 0.4372,
    "MITSUBISHI": 0.2557,
    "NISSAN": -0.2731,
    "NOR SLEP": -0.531,
    "OPEL": 0.1145,
    "OTHER": -0.5635,
    "PEUGEOT": -0.0752,
    "POLESTAR": 0.4815,
    "PORSCHE": 0.7477,
    "RENAULT": -0.5916,
    "SAAB": 0.3091,
    "SCANIA": -0.6594,
    "SCHMITZ CARGOBULL": 0.0729,
    "SKODA": 0.442,
    "SSANGYONG": -0.5325,
    "SUBARU": 0.3827,
    "SUZUKI": 0.416,
    "TESLA": -0.6011,
    "TESLA MOTORS": -0.461,
    "TOYOTA": 0.4601,
    "VOLKSWAGEN": 0.3708,
    "VOLVO": 0.5787
  },
  "fuel": {
    "Bensin": 0.5448,
    "Diesel": 0.276,
    "EV": 0.6525,
    "Other": -1.2205
  },
  "ctrl_type": {
    "E": 1.9078,
    "P": -1.655
  },
  "fylke": {
    "Agder": -0.4034,
    "Akershus": -0.0433,
    "Buskerud": -0.295,
    "Finnmark": 0.5422,
    "Innlandet": 0.3607,
    "Møre og Romsdal": 0.0796,
    "Nordland": 0.1805,
    "Oslo": -0.1325,
    "Rogaland": -0.2057,
    "Telemark": -0.0161,
    "Troms": 0.3474,
    "Trøndelag": 0.1742,
    "Vestfold": -0.0281,
    "Vestland": -0.2603,
    "Østfold": -0.0474
  },
  "weight": {
    "Lette": 0.2529
  },
  "numeric": {
    "km_scaled": -0.437011,
    "age_scaled": -0.515873
  },
  "scaler": {
    "km_mean": 174496.1,
    "km_std": 93516.92,
    "age_mean": 12.72,
    "age_std": 5.92
  }
}