{
  "meta": {
    "trained_at": "2026-04-06T16:33:07.936972+00:00",
    "n_samples": 239085,
    "auc_roc": 0.8407,
    "pass_rate": 0.6525
  },
  "intercept": -0.0133,
  "brand": {
    "ALFA ROMEO": -0.3086,
    "AUDI": 0.6865,
    "BMW": 0.5122,
    "BMW I": -0.0851,
    "BURSTNER": 0.062,
    "CHEVROLET": 0.1335,
    "CITROEN": -0.2654,
    "DANGEL": -0.5016,
    "EKERI": -0.2963,
    "FIAT": -0.4544,
    "FORD": 0.1987,
    "HFR": -0.9216,
    "HONDA": 0.4517,
    "HYMER": 0.1235,
    "HYUNDAI": 0.2697,
    "ISTRAIL": -0.3743,
    "ISUZU": -0.1983,
    "IVECO": -0.8228,
    "JAGUAR": 0.6054,
    "JEEP": 0.3042,
    "KIA": 0.2026,
    "KRONE": -0.1576,
    "LAND ROVER": 0.4304,
    "LEXUS": 0.87,
    "MAN": -0.952,
    "MAUR BILPÅBYGG": -0.0486,
    "MAZDA": 0.3936,
    "MERCEDES-BENZ": 0.2038,
    "MG": -0.5674,
    "MINI": 0.4379,
    "MITSUBISHI": 0.2564,
    "NISSAN": -0.2724,
    "NOR SLEP": -0.5302,
    "OPEL": 0.1152,
    "OTHER": -0.5627,
    "PEUGEOT": -0.0745,
    "POLESTAR": 0.4822,
    "PORSCHE": 0.7485,
    "RENAULT": -0.5909,
    "SAAB": 0.3098,
    "SCANIA": -0.6587,
    "SCHMITZ CARGOBULL": 0.0735,
    "SKODA": 0.4427,
    "SSANGYONG": -0.5317,
    "SUBARU": 0.3834,
    "SUZUKI": 0.4167,
    "TESLA": -0.6003,
    "TESLA MOTORS": -0.4603,
    "TOYOTA": 0.4608,
    "VOLKSWAGEN": 0.3715,
    "VOLVO": 0.5794
  },
  "fuel": {
    "Bensin": 0.5542,
    "Diesel": 0.2854,
    "EV": 0.6619,
    "Other": -1.2111
  },
  "ctrl_type": {
    "E": 1.9266,
    "P": -1.6362
  },
  "fylke": {
    "Agder": -0.4009,
    "Akershus": -0.0408,
    "Buskerud": -0.2925,
    "Finnmark": 0.5447,
    "Innlandet": 0.3632,
    "Møre og Romsdal": 0.0821,
    "Nordland": 0.183,
    "Oslo": -0.13,
    "Rogaland": -0.2031,
    "Telemark": -0.0136,
    "Troms": 0.3499,
    "Trøndelag": 0.1766,
    "Vestfold": -0.0256,
    "Vestland": -0.2578,
    "Østfold": -0.0449
  },
  "weight": {
    "Lette": 0.2903
  },
  "numeric": {
    "km_scaled": -0.436966,
    "age_scaled": -0.51586
  },
  "scaler": {
    "km_mean": 174496.1,
    "km_std": 93516.92,
    "age_mean": 12.72,
    "age_std": 5.92
  }
}